{
  "properties": {
    "connectionReferences": {
      "shared_commondataserviceforapps": {
        "impersonation": {},
        "runtimeSource": "embedded",
        "connection": {
          "connectionReferenceLogicalName": "crf73_sharedcommondataserviceforapps_4b234"
        },
        "api": {
          "name": "shared_commondataserviceforapps"
        }
      },
      "shared_office365": {
        "runtimeSource": "embedded",
        "connection": {
          "connectionReferenceLogicalName": "crf73_sharedoffice365_fd53d"
        },
        "api": {
          "name": "shared_office365"
        }
      }
    },
    "definition": {
      "$schema": "https://schema.management.azure.com/providers/Microsoft.Logic/schemas/2016-06-01/workflowdefinition.json#",
      "contentVersion": "1.0.0.0",
      "parameters": {
        "$connections": {
          "defaultValue": {},
          "type": "Object"
        },
        "$authentication": {
          "defaultValue": {},
          "type": "SecureObject"
        }
      },
      "triggers": {
        "When_a_row_is_added,_modified_or_deleted": {
          "metadata": {
            "operationMetadataId": "2841cb29-6283-431f-9aa9-0c6f774b5c1e"
          },
          "type": "OpenApiConnectionWebhook",
          "inputs": {
            "host": {
              "apiId": "/providers/Microsoft.PowerApps/apis/shared_commondataserviceforapps",
              "connectionName": "shared_commondataserviceforapps",
              "operationId": "SubscribeWebhookTrigger"
            },
            "parameters": {
              "subscriptionRequest/message": 1,
              "subscriptionRequest/entityname": "cra63_elastictask",
              "subscriptionRequest/scope": 4
            },
            "authentication": "@parameters('$authentication')"
          }
        }
      },
      "actions": {
        "Get_a_row_by_ID": {
          "runAfter": {},
          "metadata": {
            "operationMetadataId": "bac2a1a7-2ce8-42fd-b9d6-a3e66eb6aabd"
          },
          "type": "OpenApiConnection",
          "inputs": {
            "host": {
              "apiId": "/providers/Microsoft.PowerApps/apis/shared_commondataserviceforapps",
              "connectionName": "shared_commondataserviceforapps",
              "operationId": "GetItem"
            },
            "parameters": {
              "entityName": "systemusers",
              "recordId": "@triggerOutputs()?['body/_ownerid_value']"
            },
            "authentication": "@parameters('$authentication')"
          }
        },
        "Compose": {
          "runAfter": {
            "Get_a_row_by_ID": [
              "Succeeded"
            ]
          },
          "metadata": {
            "operationMetadataId": "ad3059a9-c9b9-463a-af81-0161aa310cc7"
          },
          "type": "Compose",
          "inputs": "https://org7fbfbf6b.crm.dynamics.com/main.aspx?appid=39ff8c77-075f-ef11-a670-000d3a99aad4&pagetype=entityrecord&etn=cra63_elastictask&id=@{triggerOutputs()?['body/cra63_elastictaskid']}"
        },
        "Send_an_email_(V2)": {
          "runAfter": {
            "Compose": [
              "Succeeded"
            ]
          },
          "metadata": {
            "operationMetadataId": "45ab854e-f12e-4be4-8d54-044aea3cfa1b"
          },
          "type": "OpenApiConnection",
          "inputs": {
            "host": {
              "apiId": "/providers/Microsoft.PowerApps/apis/shared_office365",
              "connectionName": "shared_office365",
              "operationId": "SendEmailV2"
            },
            "parameters": {
              "emailMessage/To": "@outputs('Get_a_row_by_ID')?['body/internalemailaddress']",
              "emailMessage/Subject": "A task has been assigned to you from MSM!",
              "emailMessage/Body": "<p>Hi,<br>\nA new task has been assigned to you from MSM.<br>\n<br>\nDue Date: &nbsp;@{triggerOutputs()?['body/cra63_duedate']}<br>\n<br>\nSubject: @{triggerOutputs()?['body/cra63_name']}<br>\n<br>\nDescription: @{triggerOutputs()?['body/cra63_description']}<br>\n<br>\nLink to task: @{outputs('Compose')}<br>\n<br>\nThanks!</p>",
              "emailMessage/Importance": "Normal"
            },
            "authentication": "@parameters('$authentication')"
          }
        }
      }
    },
    "templateName": null
  },
  "schemaVersion": "1.0.0.0"
}