{
  "properties": {
    "connectionReferences": {
      "shared_commondataserviceforapps": {
        "impersonation": {},
        "runtimeSource": "embedded",
        "connection": {
          "connectionReferenceLogicalName": "crf73_sharedcommondataserviceforapps_4b234"
        },
        "api": {
          "name": "shared_commondataserviceforapps"
        }
      },
      "shared_teams": {
        "runtimeSource": "embedded",
        "connection": {
          "connectionReferenceLogicalName": "crf73_sharedteams_12c86"
        },
        "api": {
          "name": "shared_teams"
        }
      }
    },
    "definition": {
      "$schema": "https://schema.management.azure.com/providers/Microsoft.Logic/schemas/2016-06-01/workflowdefinition.json#",
      "contentVersion": "1.0.0.0",
      "parameters": {
        "$connections": {
          "defaultValue": {},
          "type": "Object"
        },
        "$authentication": {
          "defaultValue": {},
          "type": "SecureObject"
        }
      },
      "triggers": {
        "When_a_row_is_added,_modified_or_deleted": {
          "metadata": {
            "operationMetadataId": "7865a7af-3416-4b9a-ac68-b6a6e4a430f2"
          },
          "type": "OpenApiConnectionWebhook",
          "inputs": {
            "host": {
              "apiId": "/providers/Microsoft.PowerApps/apis/shared_commondataserviceforapps",
              "connectionName": "shared_commondataserviceforapps",
              "operationId": "SubscribeWebhookTrigger"
            },
            "parameters": {
              "subscriptionRequest/message": 1,
              "subscriptionRequest/entityname": "cra63_elastictask",
              "subscriptionRequest/scope": 4
            },
            "authentication": "@parameters('$authentication')"
          }
        }
      },
      "actions": {
        "Get_a_row_by_ID": {
          "runAfter": {},
          "metadata": {
            "operationMetadataId": "81200430-5232-4f11-b90b-eb722eb1a9de"
          },
          "type": "OpenApiConnection",
          "inputs": {
            "host": {
              "apiId": "/providers/Microsoft.PowerApps/apis/shared_commondataserviceforapps",
              "connectionName": "shared_commondataserviceforapps",
              "operationId": "GetItem"
            },
            "parameters": {
              "entityName": "systemusers",
              "recordId": "@triggerOutputs()?['body/_ownerid_value']"
            },
            "authentication": "@parameters('$authentication')"
          }
        },
        "Compose": {
          "runAfter": {
            "Get_a_row_by_ID": [
              "Succeeded"
            ]
          },
          "metadata": {
            "operationMetadataId": "1aefce89-a050-4059-ad2e-5930b831439a"
          },
          "type": "Compose",
          "inputs": "https://org7fbfbf6b.crm.dynamics.com/main.aspx?appid=39ff8c77-075f-ef11-a670-000d3a99aad4&pagetype=entityrecord&etn=cra63_elastictask&id=@{triggerOutputs()?['body/cra63_elastictaskid']}"
        },
        "Post_message_in_a_chat_or_channel": {
          "runAfter": {
            "Compose": [
              "Succeeded"
            ]
          },
          "metadata": {
            "operationMetadataId": "7fec1730-2bb9-4797-9e52-ad69144f6ea4"
          },
          "type": "OpenApiConnection",
          "inputs": {
            "host": {
              "apiId": "/providers/Microsoft.PowerApps/apis/shared_teams",
              "connectionName": "shared_teams",
              "operationId": "PostMessageToConversation"
            },
            "parameters": {
              "poster": "Flow bot",
              "location": "Chat with Flow bot",
              "body/recipient": "@{outputs('Get_a_row_by_ID')?['body/internalemailaddress']};",
              "body/messageBody": "<p>A task has been assigned to you from MSM!<br>\n<br>\nTask Due Date: @{triggerOutputs()?['body/cra63_duedate']}<br>\n<br>\nTask Subject: @{triggerOutputs()?['body/cra63_name']}<br>\n<br>\nTask Description: @{triggerOutputs()?['body/cra63_description']}<br>\n<br>\nLink to Task: @{outputs('Compose')}</p>"
            },
            "authentication": "@parameters('$authentication')"
          }
        }
      }
    },
    "templateName": null
  },
  "schemaVersion": "1.0.0.0"
}